{
  "teacher_m6": {
    "params": 56646,
    "overall": {
      "r2": 0.9803566570718248,
      "rmse": 29774207307.34081,
      "mae": 3325752363.569401
    },
    "per_variable": {
      "KL": {
        "r2": 0.976810233323627,
        "rmse": 97906584.24125111,
        "mae": 22469940.268379577
      },
      "KR": {
        "r2": 0.9633605083964614,
        "rmse": 51534495767.16589,
        "mae": 9566991261.740696
      },
      "KLR": {
        "r2": 0.9689671217061675,
        "rmse": 1922608297.6635993,
        "mae": 387795888.69912827
      }
    }
  },
  "student_stage_a": {
    "params": 46342,
    "overall": {
      "r2": 0.9885073778431382,
      "rmse": 22774144555.61936,
      "mae": 3184640044.9700437
    },
    "per_variable": {
      "KL": {
        "r2": 0.9876455441148869,
        "rmse": 71462058.34463651,
        "mae": 22931527.270762824
      },
      "KR": {
        "r2": 0.9785621930841744,
        "rmse": 39419715826.39342,
        "mae": 9145937410.149967
      },
      "KLR": {
        "r2": 0.9826561656400638,
        "rmse": 1437316270.466087,
        "mae": 385051197.4893988
      }
    }
  },
  "psi_model_m7": {
    "params": 45502,
    "overall": {
      "r2": 0.9890846564951397,
      "rmse": 22194798797.181736,
      "mae": 3328600299.3986917
    },
    "per_variable": {
      "KL": {
        "r2": 0.9905219361871858,
        "rmse": 62592676.67562353,
        "mae": 22879169.932180777
      },
      "KR": {
        "r2": 0.9796348998315901,
        "rmse": 38420816224.76652,
        "mae": 9579296933.382349
      },
      "KLR": {
        "r2": 0.986028039126067,
        "rmse": 1290055704.87633,
        "mae": 383624794.88154507
      }
    }
  },
  "psi_model_m9": {
    "params": 45502,
    "overall": {
      "r2": 0.9890846564951397,
      "rmse": 22194798797.181736,
      "mae": 3328600299.3986917
    },
    "per_variable": {
      "KL": {
        "r2": 0.9905219361871858,
        "rmse": 62592676.67562353,
        "mae": 22879169.932180777
      },
      "KR": {
        "r2": 0.9796348998315901,
        "rmse": 38420816224.76652,
        "mae": 9579296933.382349
      },
      "KLR": {
        "r2": 0.986028039126067,
        "rmse": 1290055704.87633,
        "mae": 383624794.88154507
      }
    },
    "k_star": 5,
    "compression": "19.7%",
    "swiglu_hidden_dim": 32
  }
}