{
  "base_m9": {
    "overall": {
      "r2": 0.9890846471870123,
      "rmse": 22194808260.556377,
      "mae": 3328604576.7656384
    },
    "per_variable": {
      "KL": {
        "r2": 0.9905219326482162,
        "rmse": 62592688.36121462,
        "mae": 22879175.22816584
      },
      "KR": {
        "r2": 0.9796348824638125,
        "rmse": 38420832607.79548,
        "mae": 9579309603.051817
      },
      "KLR": {
        "r2": 0.9860280279935837,
        "rmse": 1290056218.8171017,
        "mae": 383624952.01693255
      }
    }
  },
  "m9_cross_attn_adapter": {
    "overall": {
      "r2": 0.9881416737500016,
      "rmse": 23133652412.553223,
      "mae": 3541265556.7212386
    },
    "per_variable": {
      "KL": {
        "r2": 0.9889181596956436,
        "rmse": 67681449.84397405,
        "mae": 24146701.67078723
      },
      "KR": {
        "r2": 0.9778769809974677,
        "rmse": 40044742727.48161,
        "mae": 10192688374.313612
      },
      "KLR": {
        "r2": 0.9839512129681878,
        "rmse": 1382613809.2918603,
        "mae": 406961594.17931724
      }
    },
    "params_total": 63743,
    "params_trainable": 18241,
    "train_scope": "adapter_only"
  }
}