{
  "teacher_m6": {
    "params": 56646,
    "overall": {
      "r2": 0.9803566595798052,
      "rmse": 29774205406.617245,
      "mae": 3325753130.2158375
    },
    "per_variable": {
      "KL": {
        "r2": 0.9768102338293321,
        "rmse": 97906583.17371455,
        "mae": 22469934.61291739
      },
      "KR": {
        "r2": 0.9633605130617363,
        "rmse": 51534492486.24422,
        "mae": 9566993508.373749
      },
      "KLR": {
        "r2": 0.9689671334070471,
        "rmse": 1922607935.205915,
        "mae": 387795947.6608463
      }
    }
  },
  "student_stage_a": {
    "params": 46326,
    "overall": {
      "r2": 0.993286219943001,
      "rmse": 17406684731.089474,
      "mae": 2899826678.1535535
    },
    "per_variable": {
      "KL": {
        "r2": 0.9903536956645811,
        "rmse": 63145759.24828882,
        "mae": 21629769.454774637
      },
      "KR": {
        "r2": 0.9874784229454628,
        "rmse": 30126787685.646618,
        "mae": 8322333663.791134
      },
      "KLR": {
        "r2": 0.9886603890014226,
        "rmse": 1162194622.122535,
        "mae": 355516601.21475244
      }
    }
  },
  "psi_model_m8": {
    "params": 45486,
    "overall": {
      "r2": 0.9882202552109665,
      "rmse": 23056875226.145145,
      "mae": 3314234949.649077
    },
    "per_variable": {
      "KL": {
        "r2": 0.9887786443454574,
        "rmse": 68106156.70754693,
        "mae": 23402501.876051567
      },
      "KR": {
        "r2": 0.9780229110722582,
        "rmse": 39912450634.59942,
        "mae": 9524468795.548023
      },
      "KLR": {
        "r2": 0.9844674405366255,
        "rmse": 1360195380.87754,
        "mae": 394833551.52315503
      }
    },
    "k_star": 5,
    "compression": "19.7%",
    "efficient_mlp_bottleneck": 48,
    "learned_relation_matrix": true
  },
  "psi_model_m7": {
    "params": 45486,
    "overall": {
      "r2": 0.9882202552109665,
      "rmse": 23056875226.145145,
      "mae": 3314234949.649077
    },
    "per_variable": {
      "KL": {
        "r2": 0.9887786443454574,
        "rmse": 68106156.70754693,
        "mae": 23402501.876051567
      },
      "KR": {
        "r2": 0.9780229110722582,
        "rmse": 39912450634.59942,
        "mae": 9524468795.548023
      },
      "KLR": {
        "r2": 0.9844674405366255,
        "rmse": 1360195380.87754,
        "mae": 394833551.52315503
      }
    },
    "k_star": 5,
    "compression": "19.7%"
  }
}