{
  "teacher_m6": {
    "params": 56646,
    "overall": {
      "r2": 0.9803566570718248,
      "rmse": 29774207307.34081,
      "mae": 3325752363.569401
    },
    "per_variable": {
      "KL": {
        "r2": 0.976810233323627,
        "rmse": 97906584.24125111,
        "mae": 22469940.268379577
      },
      "KR": {
        "r2": 0.9633605083964614,
        "rmse": 51534495767.16589,
        "mae": 9566991261.740696
      },
      "KLR": {
        "r2": 0.9689671217061675,
        "rmse": 1922608297.6635993,
        "mae": 387795888.69912827
      }
    }
  },
  "student_stage_a": {
    "params": 56646,
    "overall": {
      "r2": 0.9900338596681665,
      "rmse": 21207818974.230576,
      "mae": 3263620193.1573405
    },
    "per_variable": {
      "KL": {
        "r2": 0.9885580163926189,
        "rmse": 68772430.05697824,
        "mae": 22979975.58126481
      },
      "KR": {
        "r2": 0.9814089613749502,
        "rmse": 36709218439.793274,
        "mae": 9378901771.20161
      },
      "KLR": {
        "r2": 0.9853642574358024,
        "rmse": 1320344206.489016,
        "mae": 388978832.68914807
      }
    }
  },
  "psi_model_m7": {
    "params": 55770,
    "overall": {
      "r2": 0.9896615217064817,
      "rmse": 21600351516.072193,
      "mae": 3175757116.086302
    },
    "per_variable": {
      "KL": {
        "r2": 0.9909802523520398,
        "rmse": 61060576.90899321,
        "mae": 21003890.253464732
      },
      "KR": {
        "r2": 0.9807124611575639,
        "rmse": 37390538375.71368,
        "mae": 9136411386.959583
      },
      "KLR": {
        "r2": 0.9859841756742239,
        "rmse": 1292079112.8553905,
        "mae": 369856071.0458591
      }
    },
    "k_star": 6,
    "compression": "1.5%"
  }
}